id,address_id,customer_id,full_name_admin_person,email_admin_person,phone_number_admin_person,full_name_tech_person,email_tech_person,phone_number_tech_person
1,1,1,"Lori Pendock",egask0@smh.com.au,850-503-7535,"Erinna Gask",NULL,NULL
2,2,2,"Terrye Urrey",holenechan1@amazon.com,825-836-9263,"Hollis O'Lenechan",NULL,NULL
3,3,3,"Erek Dulwitch",vvanini2@mashable.com,660-341-2720,"Virge Vanini",NULL,NULL
4,4,4,"Lena Bussey",pgerrell3@joomla.org,601-872-0882,"Perice Gerrell",NULL,NULL
5,5,5,"Jamison Westwick",ffilippozzi4@skype.com,122-810-3232,"Fern Filippozzi",NULL,NULL
6,6,6,"Annette Roy",dpoure5@51.la,509-928-1852,"Dulcinea Poure",NULL,NULL
7,7,7,"Cristine Livesay",hpennycuick6@storify.com,475-168-6515,"Hollie Pennycuick",NULL,NULL
8,8,8,"Roxana Counsell",fpulhoster7@theglobeandmail.com,865-578-3273,"Felike Pulhoster",NULL,NULL
9,9,9,"Frannie Petchey",mbygraves8@pen.io,632-254-3062,"Marcella Bygraves",NULL,NULL
10,10,10,"Shea Blakiston",jkloster9@yelp.com,849-233-5986,"Jasun Kloster",NULL,NULL
11,11,11,"Ginni Toderi",ttynewella@symantec.com,498-164-7995,"Trumann Tynewell",NULL,NULL
12,12,12,"Andy Simmell",gnewloveb@reference.com,827-809-5894,"Gerald Newlove",NULL,NULL
13,13,13,"Audy Gooddie",lzealyc@amazon.com,396-212-3030,"Letizia Zealy",NULL,NULL
14,14,14,"Maxy Springthorpe",dchalfaind@webs.com,663-230-0236,"Daisi Chalfain",NULL,NULL
15,15,15,"Terza Filmer",wailsburye@behance.net,662-973-4508,"Web Ailsbury",NULL,NULL
16,16,16,"Karee Wrightem",kbruhnickef@weather.com,533-854-4805,"Karil Bruhnicke",NULL,NULL
17,17,17,"Rosamund Brandino",lspaingowerg@apache.org,208-601-6894,"Lona Spain-Gower",NULL,NULL
18,18,18,"Farley Cordoba",tbredeh@domainmarket.com,687-722-1702,"Trueman Brede",NULL,NULL
19,19,19,"Renato Peatheyjohns",cgomeri@yahoo.com,644-936-4623,"Caz Gomer",NULL,NULL
20,20,20,"Nan Huburn",bzorzinij@cam.ac.uk,991-846-2399,"Berton Zorzini",NULL,NULL
21,21,21,"Kelvin Suthren",lmcfetrichk@fema.gov,506-173-9239,"Lynne McFetrich",NULL,NULL
22,22,22,"Brittan Spoure",aalldreadl@deliciousdays.com,379-650-3135,"Alden Alldread",NULL,NULL
23,23,23,"Carey Feeny",acarrodusm@bing.com,477-320-6160,"Aprilette Carrodus",NULL,NULL
24,24,24,"Lil Mollene",ncoultern@instagram.com,252-981-3231,"Norene Coulter",NULL,NULL
25,25,25,"Smitty McKinty",phandyo@twitpic.com,526-389-5495,"Perle Handy",NULL,NULL
26,26,26,"Winn Pover",aheymannp@auda.org.au,662-491-5645,"Agatha Heymann",NULL,NULL
27,27,27,"Cindi Ormrod",madawayq@facebook.com,715-581-7867,"Malinde Adaway",NULL,NULL
28,28,28,"Dotty McCurt",jwilshinr@msn.com,201-955-9110,"Jocelyn Wilshin",NULL,NULL
29,29,29,"Ira Oulett",mrossiters@usa.gov,738-287-4779,"Mable Rossiter",NULL,NULL
30,30,30,"Pansie Battany",pdonnisont@jimdo.com,813-124-6769,"Penelopa Donnison",NULL,NULL
31,31,31,"Elmira Anniwell",tdeernessu@ustream.tv,118-360-7166,"Tiphani Deerness",NULL,NULL
32,32,32,"Drucie Jacmar",kmusgravev@wordpress.com,354-618-9148,"Klement Musgrave",NULL,NULL
33,33,33,"Leslie Kilmister",sragdalew@jigsy.com,570-535-0119,"Sherman Ragdale",NULL,NULL
34,34,34,"Linet Gooderidge",lbaglowx@moonfruit.com,143-284-3785,"Leonidas Baglow",NULL,NULL
35,35,35,"Kippy Pettican",tcluniey@craigslist.org,709-942-6321,"Timothea Clunie",NULL,NULL
36,36,36,"Raff Kidwell",fscoatesz@smh.com.au,999-370-7449,"Faulkner Scoates",NULL,NULL
37,37,37,"Neils Moen",bcurrin10@un.org,896-150-3090,"Bev Currin",NULL,NULL
38,38,38,"Phyllida Annets",eocrigan11@uol.com.br,366-635-9081,"Elianora O'Crigan",NULL,NULL
39,39,39,"Gleda Cortnay",lcuss12@loc.gov,503-276-2825,"Lindsay Cuss",NULL,NULL
40,40,40,"Jennine MacCosto",gcrole13@foxnews.com,189-339-1995,"Georgena Crole",NULL,NULL
41,41,41,"Ariel Roundtree",dthurnham14@123-reg.co.uk,396-619-1544,"Desirae Thurnham",NULL,NULL
42,42,42,"Gianni Mainland",gjaquest15@360.cn,598-868-2146,"Georgie Jaquest",NULL,NULL
43,43,43,"Rica Dennerly",agoodlud16@t.co,919-704-7233,"Arni Goodlud",NULL,NULL
44,44,44,"Shir Goodban",kwinslow17@rediff.com,102-242-6575,"Kaleb Winslow",NULL,NULL
45,45,45,"Jourdan Blackater",jweinmann18@msu.edu,618-915-3357,"Jimmie Weinmann",NULL,NULL
46,46,46,"Audrie Worssam",gcass19@squarespace.com,649-384-7390,"Gretchen Cass",NULL,NULL
47,47,47,"Kirstyn Matkovic",ehigounet1a@google.com,560-416-0379,"Edouard Higounet",NULL,NULL
48,48,48,"Earvin Witul",hknott1b@ibm.com,853-457-1061,"Huntley Knott",NULL,NULL
49,49,49,"Davide Devorill",ewinston1c@amazon.com,612-802-9902,"Elias Winston",NULL,NULL
50,50,50,"Jemmy Doyley",mspawton1d@wisc.edu,155-159-2252,"Morganne Spawton",NULL,NULL
51,51,51,"Calley Humbatch",lobee1e@webnode.com,598-949-5968,"Lorine Obee",NULL,NULL
52,52,52,"Manuel Morgue",vbraidley1f@oakley.com,427-756-0963,"Vinnie Braidley",NULL,NULL
53,53,53,"Alwyn Jochen",rmount1g@dropbox.com,244-852-1562,"Ranee Mount",NULL,NULL
54,54,54,"Tabatha Baus",jburgher1h@nytimes.com,157-308-7852,"Jackie Burgher",NULL,NULL
55,55,55,"Tristam Shevlin",obernardin1i@last.fm,401-755-2647,"Orelee Bernardin",NULL,NULL
56,56,56,"Rosie Faint",dgill1j@ibm.com,226-213-8482,"Dacia Gill",NULL,NULL
57,57,57,"Dosi Beade",rjovanovic1k@google.pl,710-631-4164,"Raviv Jovanovic",NULL,NULL
58,58,58,"Byrom Hughlin",vgalvan1l@merriam-webster.com,400-979-6863,"Vivie Galvan",NULL,NULL
59,59,59,"Emma Denham",jlissandri1m@bizjournals.com,526-436-8894,"Janaya Lissandri",NULL,NULL
60,60,60,"Genovera MacElharge",civanov1n@blog.com,624-364-3149,"Christian Ivanov",NULL,NULL
61,61,61,"Reggis Currell",omahaffey1o@fda.gov,844-916-4501,"Otis Mahaffey",NULL,NULL
62,62,62,"Morgana Van Saltsberg",kslimming1p@soundcloud.com,275-765-4719,"Kikelia Slimming",NULL,NULL
63,63,63,"Luise Mayfield",smaxted1q@walmart.com,656-188-2387,"Sacha Maxted",NULL,NULL
64,64,64,"Tessi Berkelay",spage1r@dion.ne.jp,557-210-3509,"Steffane Page",NULL,NULL
65,65,65,"Gwen Penylton",rkime1s@ask.com,950-343-1480,"Ring Kime",NULL,NULL
66,66,66,"Sibelle Brewis",slilburn1t@dagondesign.com,358-931-6685,"Saidee Lilburn",NULL,NULL
67,67,67,"Malia Hutchence",sfatharly1u@studiopress.com,203-424-5861,"Shaylyn Fatharly",NULL,NULL
68,68,68,"Kit Covert",mpinnington1v@ft.com,294-799-4849,"Micki Pinnington",NULL,NULL
69,69,69,"Ollie Beckitt",iivy1w@free.fr,841-270-3768,"Isac Ivy",NULL,NULL
70,70,70,"Lanny Geillier",dlugden1x@istockphoto.com,372-350-0344,"Doug Lugden",NULL,NULL
71,71,71,"Meghan Mathouse",sjouannisson1y@drupal.org,853-539-6228,"Seka Jouannisson",NULL,NULL
72,72,72,"Ernst Murrigans",akohnemann1z@1688.com,805-833-5696,"Abbey Kohnemann",NULL,NULL
73,73,73,"Gare Coldbreath",lmorcom20@cdbaby.com,248-995-1671,"Lydie Morcom",NULL,NULL
74,74,74,"Maud Garroch",bmaslen21@indiegogo.com,468-699-2316,"Byran Maslen",NULL,NULL
75,75,75,"Bryna Davidy",rmonahan22@whitehouse.gov,951-283-4002,"Roxana Monahan",NULL,NULL
76,76,76,"Derry Thireau",ethynn23@gov.uk,230-558-3800,"Eziechiele Thynn",NULL,NULL
77,77,77,"Madeleine Knipe",vwiddicombe24@facebook.com,738-336-1925,"Verene Widdicombe",NULL,NULL
78,78,78,"Annemarie Jirasek",dgirvin25@ebay.com,793-464-3991,"Donall Girvin",NULL,NULL
79,79,79,"Jaine Breston",fohickey26@census.gov,252-566-6828,"Fields O'Hickey",NULL,NULL
80,80,80,"Christoper Lindemann",fgraeme27@oracle.com,957-860-0393,"Flore Graeme",NULL,NULL
81,81,81,"Norri Gaitskell",fnobes28@ucsd.edu,214-783-1864,"Fredrika Nobes",NULL,NULL
82,82,82,"Jessalin Colliar",cgrzelak29@drupal.org,752-553-2444,"Caressa Grzelak",NULL,NULL
83,83,83,"Kimberley Duffet",dmatherson2a@google.com.hk,600-384-5771,"Dunn Matherson",NULL,NULL
84,84,84,"Sari Marfell",theningham2b@auda.org.au,438-886-5265,"Tricia Heningham",NULL,NULL
85,85,85,"Johanna Clemett",cgreatbach2c@buzzfeed.com,714-923-6250,"Conny Greatbach",NULL,NULL
86,86,86,"Willi Kershow",gvarns2d@newsvine.com,801-313-2131,"Gerty Varns",NULL,NULL
87,87,87,"Konstance Fessier",ybucknall2e@dmoz.org,975-189-9333,"Yolanda Bucknall",NULL,NULL
88,88,88,"Vladamir Wheadon",clashbrook2f@cloudflare.com,370-115-6192,"Cathryn Lashbrook",NULL,NULL
89,89,89,"Candie Seabon",cgiovannazzi2g@aol.com,540-791-0490,"Chickie Giovannazzi",NULL,NULL
90,90,90,"Delila Scougal",hdarwin2h@nsw.gov.au,515-317-3131,"Hannie Darwin",NULL,NULL
91,91,91,"Marsiella Brounfield",mbennis2i@slashdot.org,380-908-6943,"Malory Bennis",NULL,NULL
92,92,92,"Andreana Cherry",scometti2j@smh.com.au,371-215-1898,"Starlene Cometti",NULL,NULL
93,93,93,"Chaunce MacKaig",tvlasenko2k@youtube.com,193-899-3090,"Tamarra Vlasenko",NULL,NULL
94,94,94,"Cordell Pawellek",llittlemore2l@stanford.edu,886-921-4413,"Lyda Littlemore",NULL,NULL
95,95,95,"Stephine Loughan",vsentinella2m@barnesandnoble.com,638-948-5537,"Valerye Sentinella",NULL,NULL
96,96,96,"Carr Winslett",schieze2n@hugedomains.com,486-268-2949,"Sergio Chieze",NULL,NULL
97,97,97,"Berna Kinzett",elifton2o@ted.com,935-570-2405,"Eugenio Lifton",NULL,NULL
98,98,98,"Gwenneth Bonome",rliepins2p@flickr.com,328-868-5058,"Ruthie Liepins",NULL,NULL
99,99,99,"Rodi Toomer",aohenery2q@google.es,348-280-7692,"Abner O'Henery",NULL,NULL
100,100,100,"Jarrett Trinbey",cdizlie2r@a8.net,270-484-5815,"Camilla Dizlie",NULL,NULL
101,101,101,"Kassey Greated",cjimpson2s@google.fr,214-376-1218,"Clemence Jimpson",NULL,NULL
102,102,102,"Chrissy Graundisson",ehaycraft2t@storify.com,750-176-5129,"Elvira Haycraft",NULL,NULL
103,103,103,"Tomkin Alsina",alambeth2u@cargocollective.com,839-836-9325,"Ayn Lambeth",NULL,NULL
104,104,104,"Baxie Tollemache",obrims2v@irs.gov,243-104-8776,"Ottilie Brims",NULL,NULL
105,105,105,"Emelita Batchelar",hmaggiore2w@digg.com,174-214-4112,"Hyatt Maggiore",NULL,NULL
106,106,106,"Lauri Wilden",sloges2x@microsoft.com,328-271-7642,"Shaun Loges",NULL,NULL
107,107,107,"Ranice Dunkerley",jbentote2y@e-recht24.de,562-844-3485,"Jeanie Bentote",NULL,NULL
108,108,108,"Hewe Caplen",wfaley2z@qq.com,653-313-2363,"Wain Faley",NULL,NULL
109,109,109,"Salvatore Spiring",glettley30@skyrock.com,139-133-0942,"Godfrey Lettley",NULL,NULL
110,110,110,"Raine Umfrey",emcgirl31@theglobeandmail.com,369-966-0419,"Ebonee McGirl",NULL,NULL
111,111,111,"Lorry Gopsell",dbatkin32@redcross.org,938-362-1075,"Drud Batkin",NULL,NULL
112,112,112,"Catina Bann",dboxill33@nps.gov,740-403-0274,"Dacie Boxill",NULL,NULL
113,113,113,"Conant Fairnie",adiano34@technorati.com,835-959-6108,"Ariel Diano",NULL,NULL
114,114,114,"Arri Stegell",heykelhof35@quantcast.com,553-297-5702,"Horatio Eykelhof",NULL,NULL
115,115,115,"Thomasa Pley",gdoogood36@livejournal.com,280-856-0388,"Gianna Doogood",NULL,NULL
116,116,116,"Fernando Bresner",dform37@newyorker.com,245-965-9105,"Danice Form",NULL,NULL
117,117,117,"Johnnie Larwell",kzuker38@ucsd.edu,535-657-4415,"Kristian Zuker",NULL,NULL
118,118,118,"Wells Rounce",hkyttor39@foxnews.com,734-873-2057,"Hillary Kyttor",NULL,NULL
119,119,119,"Jacquelin Sollime",plarman3a@microsoft.com,511-375-7772,"Phylys Larman",NULL,NULL
120,120,120,"Waldon Adolphine",nvernon3b@lycos.com,879-154-4353,"Ninetta Vernon",NULL,NULL
121,121,121,"Angela Given",spiele3c@51.la,722-410-1163,"Shanie Piele",NULL,NULL
122,122,122,"Kin Hawlgarth",abeceril3d@nyu.edu,405-539-2840,"Allissa Beceril",NULL,NULL
123,123,123,"Shanan Bonfield",bsterling3e@webeden.co.uk,974-820-0028,"Brigham Sterling",NULL,NULL
124,124,124,"Killian Ullock",mcollabine3f@nhs.uk,890-986-3884,"Moina Collabine",NULL,NULL
125,125,125,"Zarla Teall",hlicquorish3g@is.gd,758-386-3264,"Halley Licquorish",NULL,NULL
126,126,126,"Koressa Bettinson",awastling3h@ameblo.jp,704-776-5434,"Annabela Wastling",NULL,NULL
127,127,127,"Ellissa Coucher",pstickney3i@oracle.com,844-676-7959,"Philip Stickney",NULL,NULL
128,128,128,"Urbanus Bedin",smoggan3j@marketwatch.com,397-866-3694,"Stillman Moggan",NULL,NULL
129,129,129,"Dwayne Sambedge",chupka3k@scribd.com,971-138-5202,"Claudetta Hupka",NULL,NULL
130,130,130,"Nealy Itzhaki",noolahan3l@paginegialle.it,851-262-9140,"Nollie Oolahan",NULL,NULL
131,131,131,"Farrand Duesbury",jsussans3m@nyu.edu,471-717-2070,"Jennee Sussans",NULL,NULL
132,132,132,"Wake O'Luney",kchecci3n@hexun.com,316-272-7412,"Kippy Checci",NULL,NULL
133,133,133,"Yoshiko Ferraretto",sviles3o@usatoday.com,559-852-0361,"Seana Viles",NULL,NULL
134,134,134,"Sheelah Castel",hrowes3p@hc360.com,855-416-5107,"Holly Rowes",NULL,NULL
135,135,135,"Reese Songhurst",bscoffins3q@dedecms.com,590-843-6852,"Bronnie Scoffins",NULL,NULL
136,136,136,"Reba Vedenyapin",hrobroe3r@myspace.com,230-960-5053,"Harold Robroe",NULL,NULL
137,137,137,"Marline Dumberell",eplacidi3s@ca.gov,203-865-8437,"Ely Placidi",NULL,NULL
138,138,138,"Dulcia Stamp",ewoolis3t@alibaba.com,614-953-6874,"Ephraim Woolis",NULL,NULL
139,139,139,"Elaine Nawton",jbostock3u@skyrock.com,286-320-5468,"Jilly Bostock",NULL,NULL
140,140,140,"Marlowe Reasce",chadden3v@tripod.com,257-104-0090,"Cyndie Hadden",NULL,NULL
141,141,141,"Pandora Marzella",bcorrison3w@seesaa.net,379-639-1951,"Bess Corrison",NULL,NULL
142,142,142,"Marlin Hadlow",tgeffe3x@jugem.jp,949-890-7477,"Tybie Geffe",NULL,NULL
143,143,143,"Desmund Tourmell",kpurcell3y@ebay.com,348-717-1146,"Kaja Purcell",NULL,NULL
144,144,144,"Oralee Hightown",iseivwright3z@virginia.edu,911-285-1556,"Isabeau Seivwright",NULL,NULL
145,145,145,"Carmita Ponter",gcongreve40@wp.com,419-930-1742,"Gabie Congreve",NULL,NULL
146,146,146,"Ciel Rielly",fmc41@typepad.com,207-611-9569,"Farra Mc Andrew",NULL,NULL
147,147,147,"Suellen Boak",sstuart42@nymag.com,193-243-2418,"Seline Stuart",NULL,NULL
148,148,148,"Bren Kavanagh",bmagarrell43@nba.com,408-606-5107,"Bev Magarrell",NULL,NULL
149,149,149,"Gannie Gudgen",sskentelbery44@ted.com,851-775-7604,"Sasha Skentelbery",NULL,NULL
150,150,150,"Way Albury",swhiscard45@amazon.de,228-153-9878,"Sebastiano Whiscard",NULL,NULL
151,151,151,"Fulton Dailey",kstollen46@tiny.cc,877-356-3862,"Kiri Stollen",NULL,NULL
152,152,152,"Nan Ephgrave",amactague47@theglobeandmail.com,495-500-4898,"Adolpho MacTague",NULL,NULL
153,153,153,"Rhonda Inglis",rgerholz48@meetup.com,205-470-2283,"Royal Gerholz",NULL,NULL
154,154,154,"Gardner Dugdale",rwey49@indiegogo.com,793-334-3373,"Rosabelle Wey",NULL,NULL
155,155,155,"Bowie McCullen",bpower4a@smugmug.com,994-890-6004,"Bartholomeus Power",NULL,NULL
156,156,156,"Karlen Driffe",talsford4b@webeden.co.uk,462-318-0567,"Tootsie Alsford",NULL,NULL
157,157,157,"Quinlan Clyde",rmadle4c@meetup.com,448-361-4192,"Rosy Madle",NULL,NULL
158,158,158,"Jerome Ilewicz",scoughlan4d@diigo.com,384-600-6046,"Seymour Coughlan",NULL,NULL
159,159,159,"Annalee Binyon",drene4e@reuters.com,557-346-3129,"Dane Rene",NULL,NULL
160,160,160,"Mickey Cawthorne",scottis4f@google.co.uk,468-884-8893,"Sherman Cottis",NULL,NULL
161,161,161,"Kendricks Ferie",edavidovits4g@xinhuanet.com,260-909-4420,"Elnar Davidovits",NULL,NULL
162,162,162,"Lesly O'Mara",nchitty4h@xing.com,916-546-4009,"Nikoletta Chitty",NULL,NULL
163,163,163,"Joell Pixton",sstein4i@facebook.com,217-544-9063,"Stephi Stein",NULL,NULL
164,164,164,"Timothy Fermer",alegier4j@reuters.com,814-256-9945,"Arly Legier",NULL,NULL
165,165,165,"Maggie Croix",jguite4k@behance.net,926-579-9345,"Joyan Guite",NULL,NULL
166,166,166,"Dalt Blagdon",ahatrey4l@wordpress.org,328-685-8277,"Alia Hatrey",NULL,NULL
167,167,167,"Calv Dodswell",bduckit4m@icq.com,379-322-1253,"Brion Duckit",NULL,NULL
168,168,168,"Sebastien Welling",gkadd4n@addthis.com,212-727-0946,"Gerick Kadd",NULL,NULL
169,169,169,"Barr Barehead",dvolant4o@cisco.com,658-802-4080,"Daryl Volant",NULL,NULL
170,170,170,"Alexandro Tomasik",mmathelon4p@auda.org.au,237-915-4537,"Marie-jeanne Mathelon",NULL,NULL
171,171,171,"Marjy Anyene",dcurreen4q@privacy.gov.au,130-721-4405,"Donnie Curreen",NULL,NULL
172,172,172,"Dud Ruoff",njaggs4r@google.de,856-191-0205,"Neda Jaggs",NULL,NULL
173,173,173,"Nerissa Illing",gjowle4s@gravatar.com,635-226-6238,"Gordon Jowle",NULL,NULL
174,174,174,"Lisetta Clynman",owithrington4t@sun.com,625-333-0956,"Ody Withrington",NULL,NULL
175,175,175,"Hortensia Betton",vpenwell4u@princeton.edu,810-165-1630,"Vincenty Penwell",NULL,NULL
176,176,176,"Berkeley Pipping",htotman4v@adobe.com,314-476-2053,"Herbert Totman",NULL,NULL
177,177,177,"Christal Pendry",lfonzone4w@blog.com,993-156-7256,"Leeanne Fonzone",NULL,NULL
178,178,178,"Panchito Selwood",sescreet4x@wunderground.com,972-893-6635,"Shem Escreet",NULL,NULL
179,179,179,"Ashien Dmitrichenko",jbloxam4y@epa.gov,310-252-5053,"Jewell Bloxam",NULL,NULL
180,180,180,"Leonid Guillotin",sjiru4z@addthis.com,370-138-7499,"Saree Jiru",NULL,NULL
181,181,181,"Cami Trunkfield",kcleaves50@webnode.com,170-772-4434,"Kristoffer Cleaves",NULL,NULL
182,182,182,"Diann Gieves",sdenidge51@businessinsider.com,839-754-6750,"Silvie Denidge",NULL,NULL
183,183,183,"Marisa Del Checolo",iretter52@biblegateway.com,650-806-2219,"Isis Retter",NULL,NULL
184,184,184,"Aile Serris",lmabbe53@hugedomains.com,960-544-2849,"Lurleen Mabbe",NULL,NULL
185,185,185,"Jacquelin Wince",pknibley54@sitemeter.com,233-756-5634,"Paula Knibley",NULL,NULL
186,186,186,"Eula Rambaut",wstonuary55@squidoo.com,347-581-7313,"Wain Stonuary",NULL,NULL
187,187,187,"Trixie Vobes",njickles56@dailymail.co.uk,885-663-3411,"Nikolai Jickles",NULL,NULL
188,188,188,"Ronnie Riggulsford",ahandley57@msn.com,870-562-5052,"Andres Handley",NULL,NULL
189,189,189,"Modesty Kiss",nmcfadin58@army.mil,927-138-5184,"Nikkie McFadin",NULL,NULL
190,190,190,"Pepillo McGahey",mrowledge59@nifty.com,751-664-5594,"Marcella Rowledge",NULL,NULL
191,191,191,"Barbaraanne Rantoul",htipling5a@state.gov,266-535-8991,"Henryetta Tipling",NULL,NULL
192,192,192,"Alfie Thomazin",gskirven5b@youtu.be,291-105-6713,"Gillie Skirven",NULL,NULL
193,193,193,"Vinson Balk",dmccroft5c@cafepress.com,223-142-6739,"Dee McCroft",NULL,NULL
194,194,194,"Harlene Atthow",lduddy5d@seattletimes.com,317-687-7359,"Lindsey Duddy",NULL,NULL
195,195,195,"Felicia Abbs",rhemstead5e@vimeo.com,490-128-7460,"Renae Hemstead",NULL,NULL
196,196,196,"Zorah Booker",ystillgoe5f@wikipedia.org,582-869-6129,"Yurik Stillgoe",NULL,NULL
197,197,197,"Tobe Clixby",wwillson5g@google.co.jp,857-616-4453,"Weber Willson",NULL,NULL
198,198,198,"Murvyn Peete",mbrigman5h@csmonitor.com,860-629-3240,"Mandi Brigman",NULL,NULL
199,199,199,"Alla Frankcom",dchesson5i@imageshack.us,743-894-2222,"Donavon Chesson",NULL,NULL
200,200,200,"Georgine Charlotte",rdilliston5j@hugedomains.com,234-310-8665,"Richmound Dilliston",NULL,NULL
