id,customer_id,full_name,company_name,email,phone_number,project_name,project_description,department_in_charge,message,attachment,created_at,updated_at
1,1,"Mitchell Seegar","Jones, Johns and Little",mseegar0@feedburner.com,721-748-1674,"Rinodina Lichen","Fusce consequat. Nulla nisl. Nunc nisl.

Duis bibendum, felis sed interdum venenatis, turpis enim blandit mi, in porttitor pede justo eu massa. Donec dapibus. Duis at velit eu est congue elementum.",Finance,"Duis bibendum. Morbi non quam nec dui luctus rutrum. Nulla tellus.

In sagittis dui vel nisl. Duis ac nibh. Fusce lacus purus, aliquet at, feugiat non, pretium quis, lectus.",,"2018-03-19 00:40:43","2018-09-13 08:23:38"
2,2,"Geraldine Thomen","Vandervort Inc",gthomen1@nba.com,751-317-5860,Arctodupontia,"Cum sociis natoque penatibus et magnis dis parturient montes, nascetur ridiculus mus. Vivamus vestibulum sagittis sapien. Cum sociis natoque penatibus et magnis dis parturient montes, nascetur ridiculus mus.

Etiam vel augue. Vestibulum rutrum rutrum neque. Aenean auctor gravida sem.

Praesent id massa id nisl venenatis lacinia. Aenean sit amet justo. Morbi ut odio.",Marketing,"Phasellus in felis. Donec semper sapien a libero. Nam dui.

Proin leo odio, porttitor id, consequat in, consequat ut, nulla. Sed accumsan felis. Ut at dolor quis odio consequat varius.",,"2018-03-26 07:52:47","2018-04-09 15:40:57"
3,3,"Gabey Deacon",Roob-Wiza,gdeacon2@bloomberg.com,511-460-0069,"Oahu Flatsedge","Lorem ipsum dolor sit amet, consectetuer adipiscing elit. Proin risus. Praesent lectus.

Vestibulum quam sapien, varius ut, blandit non, interdum in, ante. Vestibulum ante ipsum primis in faucibus orci luctus et ultrices posuere cubilia Curae; Duis faucibus accumsan odio. Curabitur convallis.

Duis consequat dui nec nisi volutpat eleifend. Donec ut dolor. Morbi vel lectus in quam fringilla rhoncus.",Architecture,"Cum sociis natoque penatibus et magnis dis parturient montes, nascetur ridiculus mus. Vivamus vestibulum sagittis sapien. Cum sociis natoque penatibus et magnis dis parturient montes, nascetur ridiculus mus.

Etiam vel augue. Vestibulum rutrum rutrum neque. Aenean auctor gravida sem.",,"2018-12-17 18:09:08","2019-02-12 11:41:36"
4,4,"Timothee Kitchingman",Roob-Lockman,tkitchingman3@live.com,392-649-1896,"Pauper Milkvetch","Maecenas tristique, est et tempus semper, est quam pharetra magna, ac consequat metus sapien ut nunc. Vestibulum ante ipsum primis in faucibus orci luctus et ultrices posuere cubilia Curae; Mauris viverra diam vitae quam. Suspendisse potenti.

Nullam porttitor lacus at turpis. Donec posuere metus vitae ipsum. Aliquam non mauris.

Morbi non lectus. Aliquam sit amet diam in magna bibendum imperdiet. Nullam orci pede, venenatis non, sodales sed, tincidunt eu, felis.",Webdesign,"Etiam vel augue. Vestibulum rutrum rutrum neque. Aenean auctor gravida sem.

Praesent id massa id nisl venenatis lacinia. Aenean sit amet justo. Morbi ut odio.

Cras mi pede, malesuada in, imperdiet et, commodo vulputate, justo. In blandit ultrices enim. Lorem ipsum dolor sit amet, consectetuer adipiscing elit.",,"2018-11-14 14:11:19","2018-12-06 22:31:21"
5,5,"Rafa Pelzer","Feil, OHara and Harvey",rpelzer4@yale.edu,305-833-0066,"Round-leaf Fountain Palm","Cum sociis natoque penatibus et magnis dis parturient montes, nascetur ridiculus mus. Vivamus vestibulum sagittis sapien. Cum sociis natoque penatibus et magnis dis parturient montes, nascetur ridiculus mus.",Webdesign,"Maecenas leo odio, condimentum id, luctus nec, molestie sed, justo. Pellentesque viverra pede ac diam. Cras pellentesque volutpat dui.

Maecenas tristique, est et tempus semper, est quam pharetra magna, ac consequat metus sapien ut nunc. Vestibulum ante ipsum primis in faucibus orci luctus et ultrices posuere cubilia Curae; Mauris viverra diam vitae quam. Suspendisse potenti.",,"2018-11-30 09:00:38","2019-01-20 00:07:23"
6,6,"Francois Nockalls",Swaniawski-Gislason,fnockalls5@google.nl,764-314-7163,"Caribbean Milkwort","Proin interdum mauris non ligula pellentesque ultrices. Phasellus id sapien in sapien iaculis congue. Vivamus metus arcu, adipiscing molestie, hendrerit at, vulputate vitae, nisl.

Aenean lectus. Pellentesque eget nunc. Donec quis orci eget orci vehicula condimentum.

Curabitur in libero ut massa volutpat convallis. Morbi odio odio, elementum eu, interdum eu, tincidunt in, leo. Maecenas pulvinar lobortis est.",Finance,"Mauris enim leo, rhoncus sed, vestibulum sit amet, cursus id, turpis. Integer aliquet, massa id lobortis convallis, tortor risus dapibus augue, vel accumsan tellus nisi eu orci. Mauris lacinia sapien quis libero.

Nullam sit amet turpis elementum ligula vehicula consequat. Morbi a ipsum. Integer a nibh.",,"2018-08-12 19:16:36","2018-06-05 11:01:38"
7,7,"Jere Parnell","Kuhic, Rutherford and Doyle",jparnell6@booking.com,872-629-8066,"Pore Lichen","Cras non velit nec nisi vulputate nonummy. Maecenas tincidunt lacus at velit. Vivamus vel nulla eget eros elementum pellentesque.

Quisque porta volutpat erat. Quisque erat eros, viverra eget, congue eget, semper rutrum, nulla. Nunc purus.

Phasellus in felis. Donec semper sapien a libero. Nam dui.",Construction,,,"2018-08-17 13:09:15","2018-09-30 06:53:03"
8,8,"Darnell Papierz","Erdman and Sons",dpapierz7@privacy.gov.au,914-104-3842,"Havaas Navel Lichen","Duis aliquam convallis nunc. Proin at turpis a pede posuere nonummy. Integer non velit.

Donec diam neque, vestibulum eget, vulputate ut, ultrices vel, augue. Vestibulum ante ipsum primis in faucibus orci luctus et ultrices posuere cubilia Curae; Donec pharetra, magna vestibulum aliquet ultrices, erat tortor sollicitudin mi, sit amet lobortis sapien sapien non mi. Integer ac neque.",Architecture,,,"2018-05-24 00:03:39","2018-05-28 14:27:17"
9,9,"Rodi McGifford",Terry-Grady,rmcgifford8@printfriendly.com,830-354-2382,"Schiedes Sedge","Quisque id justo sit amet sapien dignissim vestibulum. Vestibulum ante ipsum primis in faucibus orci luctus et ultrices posuere cubilia Curae; Nulla dapibus dolor vel est. Donec odio justo, sollicitudin ut, suscipit a, feugiat et, eros.

Vestibulum ac est lacinia nisi venenatis tristique. Fusce congue, diam id ornare imperdiet, sapien urna pretium nisl, ut volutpat sapien arcu sed augue. Aliquam erat volutpat.",Construction,,,"2018-11-08 00:25:24","2018-05-18 13:20:33"
10,10,"Cosimo Gatecliffe","Yost LLC",cgatecliffe9@time.com,376-690-6706,"Southern Bogbutton","Morbi non lectus. Aliquam sit amet diam in magna bibendum imperdiet. Nullam orci pede, venenatis non, sodales sed, tincidunt eu, felis.

Fusce posuere felis sed lacus. Morbi sem mauris, laoreet ut, rhoncus aliquet, pulvinar sed, nisl. Nunc rhoncus dui vel sem.

Sed sagittis. Nam congue, risus semper porta volutpat, quam pede lobortis ligula, sit amet eleifend pede libero quis orci. Nullam molestie nibh in lectus.",Webdesign,"Pellentesque at nulla. Suspendisse potenti. Cras in purus eu magna vulputate luctus.

Cum sociis natoque penatibus et magnis dis parturient montes, nascetur ridiculus mus. Vivamus vestibulum sagittis sapien. Cum sociis natoque penatibus et magnis dis parturient montes, nascetur ridiculus mus.",,"2019-01-31 10:59:02","2018-09-25 12:36:28"
11,11,"Ardyth Pridden","Hessel, Cummerata and Pfannerstill",apriddena@hugedomains.com,994-757-9296,"Duchesne Penstemon","Maecenas leo odio, condimentum id, luctus nec, molestie sed, justo. Pellentesque viverra pede ac diam. Cras pellentesque volutpat dui.

Maecenas tristique, est et tempus semper, est quam pharetra magna, ac consequat metus sapien ut nunc. Vestibulum ante ipsum primis in faucibus orci luctus et ultrices posuere cubilia Curae; Mauris viverra diam vitae quam. Suspendisse potenti.

Nullam porttitor lacus at turpis. Donec posuere metus vitae ipsum. Aliquam non mauris.",Architecture,"Duis bibendum. Morbi non quam nec dui luctus rutrum. Nulla tellus.

In sagittis dui vel nisl. Duis ac nibh. Fusce lacus purus, aliquet at, feugiat non, pretium quis, lectus.",,"2019-01-02 12:42:03","2018-06-21 09:32:09"
12,12,"Chet Derby","Conn Group",cderbyb@msu.edu,671-968-2347,"Apiculate Bryum Moss","In congue. Etiam justo. Etiam pretium iaculis justo.

In hac habitasse platea dictumst. Etiam faucibus cursus urna. Ut tellus.

Nulla ut erat id mauris vulputate elementum. Nullam varius. Nulla facilisi.",Construction,,,"2018-11-16 11:57:07","2019-01-24 19:08:40"
13,13,"Daffi Brazel","Mertz and Sons",dbrazelc@techcrunch.com,223-396-7705,"Tweedys Plantain","Etiam vel augue. Vestibulum rutrum rutrum neque. Aenean auctor gravida sem.

Praesent id massa id nisl venenatis lacinia. Aenean sit amet justo. Morbi ut odio.",Finance,,,"2018-10-20 15:28:45","2019-02-15 10:16:45"
14,14,"Dru Rosentholer","McDermott LLC",drosentholerd@liveinternet.ru,828-579-5371,"Baldwins Ironweed","Aenean fermentum. Donec ut mauris eget massa tempor convallis. Nulla neque libero, convallis eget, eleifend luctus, ultricies eu, nibh.",Construction,,,"2018-08-25 00:39:40","2018-06-27 02:13:53"
15,15,"Raynell Madge","Dickinson, Pacocha and Spinka",rmadgee@columbia.edu,633-888-6931,"Spotted Ladys Slipper","Pellentesque at nulla. Suspendisse potenti. Cras in purus eu magna vulputate luctus.

Cum sociis natoque penatibus et magnis dis parturient montes, nascetur ridiculus mus. Vivamus vestibulum sagittis sapien. Cum sociis natoque penatibus et magnis dis parturient montes, nascetur ridiculus mus.

Etiam vel augue. Vestibulum rutrum rutrum neque. Aenean auctor gravida sem.",Construction,,,"2018-07-07 19:04:12","2019-02-24 16:47:33"
16,16,"Chase Beavon","Koss, Padberg and Carter",cbeavonf@techcrunch.com,709-963-6348,"Pubescent Lemmons Needlegrass","In quis justo. Maecenas rhoncus aliquam lacus. Morbi quis tortor id nulla ultrices aliquet.

Maecenas leo odio, condimentum id, luctus nec, molestie sed, justo. Pellentesque viverra pede ac diam. Cras pellentesque volutpat dui.

Maecenas tristique, est et tempus semper, est quam pharetra magna, ac consequat metus sapien ut nunc. Vestibulum ante ipsum primis in faucibus orci luctus et ultrices posuere cubilia Curae; Mauris viverra diam vitae quam. Suspendisse potenti.",Webdesign,"Etiam vel augue. Vestibulum rutrum rutrum neque. Aenean auctor gravida sem.",,"2018-08-21 01:16:07","2018-11-23 10:58:50"
17,17,"Horatius Nore","Halvorson, McGlynn and Torp",hnoreg@gizmodo.com,535-648-4855,"False Tamarind","In quis justo. Maecenas rhoncus aliquam lacus. Morbi quis tortor id nulla ultrices aliquet.

Maecenas leo odio, condimentum id, luctus nec, molestie sed, justo. Pellentesque viverra pede ac diam. Cras pellentesque volutpat dui.

Maecenas tristique, est et tempus semper, est quam pharetra magna, ac consequat metus sapien ut nunc. Vestibulum ante ipsum primis in faucibus orci luctus et ultrices posuere cubilia Curae; Mauris viverra diam vitae quam. Suspendisse potenti.",Architecture,"In hac habitasse platea dictumst. Morbi vestibulum, velit id pretium iaculis, diam erat fermentum justo, nec condimentum neque sapien placerat ante. Nulla justo.",,"2018-06-07 04:07:23","2018-07-25 21:57:41"
18,18,"Huntley Skellorne","Spencer Inc",hskellorneh@wisc.edu,987-315-7667,"Valley Popcornflower","Quisque id justo sit amet sapien dignissim vestibulum. Vestibulum ante ipsum primis in faucibus orci luctus et ultrices posuere cubilia Curae; Nulla dapibus dolor vel est. Donec odio justo, sollicitudin ut, suscipit a, feugiat et, eros.

Vestibulum ac est lacinia nisi venenatis tristique. Fusce congue, diam id ornare imperdiet, sapien urna pretium nisl, ut volutpat sapien arcu sed augue. Aliquam erat volutpat.

In congue. Etiam justo. Etiam pretium iaculis justo.",Webdesign,,,"2018-08-03 10:14:02","2018-08-29 15:16:10"
19,19,"Thaddus Pannaman",Willms-Lockman,tpannamani@people.com.cn,183-394-0497,Kaunaoa,"Etiam vel augue. Vestibulum rutrum rutrum neque. Aenean auctor gravida sem.

Praesent id massa id nisl venenatis lacinia. Aenean sit amet justo. Morbi ut odio.

Cras mi pede, malesuada in, imperdiet et, commodo vulputate, justo. In blandit ultrices enim. Lorem ipsum dolor sit amet, consectetuer adipiscing elit.",Architecture,,,"2018-11-17 11:50:01","2018-08-29 19:25:33"
20,20,"Chrissie Martensen","Stehr, Blick and Oberbrunner",cmartensenj@newyorker.com,536-734-9142,"Roundleaf Eyebright","Etiam vel augue. Vestibulum rutrum rutrum neque. Aenean auctor gravida sem.

Praesent id massa id nisl venenatis lacinia. Aenean sit amet justo. Morbi ut odio.",Construction,"Duis bibendum. Morbi non quam nec dui luctus rutrum. Nulla tellus.",,"2018-04-25 05:44:39","2018-07-07 18:22:22"
21,21,"Gaven Bille",Kunde-Tromp,gbillek@unesco.org,654-505-1435,Goldenrod,"Integer ac leo. Pellentesque ultrices mattis odio. Donec vitae nisi.

Nam ultrices, libero non mattis pulvinar, nulla pede ullamcorper augue, a suscipit nulla elit ac nulla. Sed vel enim sit amet nunc viverra dapibus. Nulla suscipit ligula in lacus.

Curabitur at ipsum ac tellus semper interdum. Mauris ullamcorper purus sit amet nulla. Quisque arcu libero, rutrum ac, lobortis vel, dapibus at, diam.",Architecture,"Proin interdum mauris non ligula pellentesque ultrices. Phasellus id sapien in sapien iaculis congue. Vivamus metus arcu, adipiscing molestie, hendrerit at, vulputate vitae, nisl.

Aenean lectus. Pellentesque eget nunc. Donec quis orci eget orci vehicula condimentum.",,"2018-09-11 08:21:38","2018-05-23 09:08:44"
22,22,"Natka Kupis",Mayer-Ernser,nkupisl@constantcontact.com,903-922-9997,Leucas,"Proin interdum mauris non ligula pellentesque ultrices. Phasellus id sapien in sapien iaculis congue. Vivamus metus arcu, adipiscing molestie, hendrerit at, vulputate vitae, nisl.

Aenean lectus. Pellentesque eget nunc. Donec quis orci eget orci vehicula condimentum.

Curabitur in libero ut massa volutpat convallis. Morbi odio odio, elementum eu, interdum eu, tincidunt in, leo. Maecenas pulvinar lobortis est.",Finance,,,"2018-08-06 03:19:50","2018-12-13 20:57:39"
23,23,"Ikey MacKibbon","Monahan, Gibson and Borer",imackibbonm@simplemachines.org,689-666-5573,"Meager Pygmydaisy","Aenean fermentum. Donec ut mauris eget massa tempor convallis. Nulla neque libero, convallis eget, eleifend luctus, ultricies eu, nibh.",Finance,"Morbi non lectus. Aliquam sit amet diam in magna bibendum imperdiet. Nullam orci pede, venenatis non, sodales sed, tincidunt eu, felis.

Fusce posuere felis sed lacus. Morbi sem mauris, laoreet ut, rhoncus aliquet, pulvinar sed, nisl. Nunc rhoncus dui vel sem.

Sed sagittis. Nam congue, risus semper porta volutpat, quam pede lobortis ligula, sit amet eleifend pede libero quis orci. Nullam molestie nibh in lectus.",,"2018-04-02 04:49:59","2018-09-07 07:04:04"
24,24,"Delores Fritschmann","Yost Group",dfritschmannn@technorati.com,147-808-3431,"Wahiawa Cyanea","Praesent id massa id nisl venenatis lacinia. Aenean sit amet justo. Morbi ut odio.",Architecture,,,"2018-05-15 16:06:00","2019-01-19 04:20:19"
25,25,"Hy Pollok","Collier, Medhurst and Zieme",hpolloko@technorati.com,398-480-3863,"Bayberry Willow","Morbi non lectus. Aliquam sit amet diam in magna bibendum imperdiet. Nullam orci pede, venenatis non, sodales sed, tincidunt eu, felis.

Fusce posuere felis sed lacus. Morbi sem mauris, laoreet ut, rhoncus aliquet, pulvinar sed, nisl. Nunc rhoncus dui vel sem.

Sed sagittis. Nam congue, risus semper porta volutpat, quam pede lobortis ligula, sit amet eleifend pede libero quis orci. Nullam molestie nibh in lectus.",Construction,"Vestibulum ac est lacinia nisi venenatis tristique. Fusce congue, diam id ornare imperdiet, sapien urna pretium nisl, ut volutpat sapien arcu sed augue. Aliquam erat volutpat.

In congue. Etiam justo. Etiam pretium iaculis justo.",,"2018-10-24 14:55:28","2018-03-12 07:01:36"
26,26,"Oralla Harlett","Murazik LLC",oharlettp@narod.ru,869-891-1300,"Polymorph Bamboo","Quisque id justo sit amet sapien dignissim vestibulum. Vestibulum ante ipsum primis in faucibus orci luctus et ultrices posuere cubilia Curae; Nulla dapibus dolor vel est. Donec odio justo, sollicitudin ut, suscipit a, feugiat et, eros.",Webdesign,"Nulla ut erat id mauris vulputate elementum. Nullam varius. Nulla facilisi.",,"2018-09-27 04:38:01","2018-03-24 15:14:10"
27,27,"Luelle Penelli","Farrell, Zboncak and Lueilwitz",lpenelliq@so-net.ne.jp,442-569-4347,"Prostrate Clarkia","Mauris enim leo, rhoncus sed, vestibulum sit amet, cursus id, turpis. Integer aliquet, massa id lobortis convallis, tortor risus dapibus augue, vel accumsan tellus nisi eu orci. Mauris lacinia sapien quis libero.",Marketing,,,"2019-03-08 20:07:56","2019-03-09 19:14:13"
28,28,"Shanta Mattiacci","Kiehn, Becker and Dietrich",smattiaccir@topsy.com,431-176-8852,Starbur,"Proin eu mi. Nulla ac enim. In tempor, turpis nec euismod scelerisque, quam turpis adipiscing lorem, vitae mattis nibh ligula nec sem.

Duis aliquam convallis nunc. Proin at turpis a pede posuere nonummy. Integer non velit.",Construction,,,"2018-10-23 23:38:47","2018-08-16 03:47:54"
29,29,"Titus Punter",Orn-Barrows,tpunters@squidoo.com,376-661-0890,"American Ocellularia Lichen","Aliquam quis turpis eget elit sodales scelerisque. Mauris sit amet eros. Suspendisse accumsan tortor quis turpis.",Finance,"Praesent id massa id nisl venenatis lacinia. Aenean sit amet justo. Morbi ut odio.

Cras mi pede, malesuada in, imperdiet et, commodo vulputate, justo. In blandit ultrices enim. Lorem ipsum dolor sit amet, consectetuer adipiscing elit.",,"2018-05-15 18:32:34","2019-02-25 03:50:09"
30,30,"Kelsey Selly",Davis-Schimmel,ksellyt@furl.net,380-344-7653,"Ajo Xanthoparmelia Lichen","Fusce consequat. Nulla nisl. Nunc nisl.

Duis bibendum, felis sed interdum venenatis, turpis enim blandit mi, in porttitor pede justo eu massa. Donec dapibus. Duis at velit eu est congue elementum.

In hac habitasse platea dictumst. Morbi vestibulum, velit id pretium iaculis, diam erat fermentum justo, nec condimentum neque sapien placerat ante. Nulla justo.",Webdesign,,,"2018-05-07 20:36:55","2019-01-03 13:56:07"
31,31,"Harley Saul","Robel and Sons",hsaulu@purevolume.com,597-402-1816,"Jones Sedge","Aenean lectus. Pellentesque eget nunc. Donec quis orci eget orci vehicula condimentum.

Curabitur in libero ut massa volutpat convallis. Morbi odio odio, elementum eu, interdum eu, tincidunt in, leo. Maecenas pulvinar lobortis est.

Phasellus sit amet erat. Nulla tempus. Vivamus in felis eu sapien cursus vestibulum.",Construction,,,"2018-10-23 22:27:47","2018-07-11 16:53:56"
32,32,"Brigham OHogan","Yost Inc",bov@army.mil,631-503-5088,"Sanddune Linanthus","In hac habitasse platea dictumst. Etiam faucibus cursus urna. Ut tellus.",Architecture,,,"2018-08-12 20:31:22","2019-03-13 22:36:51"
33,33,"Randene Imlen","Rutherford Inc",rimlenw@berkeley.edu,858-961-5110,"Winged Panicgrass","Maecenas leo odio, condimentum id, luctus nec, molestie sed, justo. Pellentesque viverra pede ac diam. Cras pellentesque volutpat dui.

Maecenas tristique, est et tempus semper, est quam pharetra magna, ac consequat metus sapien ut nunc. Vestibulum ante ipsum primis in faucibus orci luctus et ultrices posuere cubilia Curae; Mauris viverra diam vitae quam. Suspendisse potenti.",Webdesign,,,"2019-03-10 14:13:55","2018-05-25 01:47:44"
34,34,"Niles Rickets",Bins-Gislason,nricketsx@elpais.com,857-207-4653,"Strong Quillwort","Morbi porttitor lorem id ligula. Suspendisse ornare consequat lectus. In est risus, auctor sed, tristique in, tempus sit amet, sem.",Marketing,"Fusce consequat. Nulla nisl. Nunc nisl.

Duis bibendum, felis sed interdum venenatis, turpis enim blandit mi, in porttitor pede justo eu massa. Donec dapibus. Duis at velit eu est congue elementum.

In hac habitasse platea dictumst. Morbi vestibulum, velit id pretium iaculis, diam erat fermentum justo, nec condimentum neque sapien placerat ante. Nulla justo.",,"2019-03-10 18:28:30","2018-09-01 01:29:16"
35,35,"Enriqueta Bernardotte",Adams-Howell,ebernardottey@archive.org,808-641-3434,"Snowy Orchid","Phasellus sit amet erat. Nulla tempus. Vivamus in felis eu sapien cursus vestibulum.

Proin eu mi. Nulla ac enim. In tempor, turpis nec euismod scelerisque, quam turpis adipiscing lorem, vitae mattis nibh ligula nec sem.

Duis aliquam convallis nunc. Proin at turpis a pede posuere nonummy. Integer non velit.",Architecture,"Duis bibendum. Morbi non quam nec dui luctus rutrum. Nulla tellus.

In sagittis dui vel nisl. Duis ac nibh. Fusce lacus purus, aliquet at, feugiat non, pretium quis, lectus.

Suspendisse potenti. In eleifend quam a odio. In hac habitasse platea dictumst.",,"2018-07-13 07:39:20","2018-05-10 14:20:05"
36,36,"Clarabelle Noller",Bogisich-Lang,cnollerz@xrea.com,879-652-8110,"Field Mustard","Nullam sit amet turpis elementum ligula vehicula consequat. Morbi a ipsum. Integer a nibh.

In quis justo. Maecenas rhoncus aliquam lacus. Morbi quis tortor id nulla ultrices aliquet.",Finance,,,"2018-08-04 11:49:41","2018-09-21 02:08:09"
37,37,"Tiphanie Cherrington",Greenholt-Wintheiser,tcherrington10@goo.ne.jp,659-932-6214,Drumheads,"Nullam sit amet turpis elementum ligula vehicula consequat. Morbi a ipsum. Integer a nibh.

In quis justo. Maecenas rhoncus aliquam lacus. Morbi quis tortor id nulla ultrices aliquet.

Maecenas leo odio, condimentum id, luctus nec, molestie sed, justo. Pellentesque viverra pede ac diam. Cras pellentesque volutpat dui.",Webdesign,,,"2019-01-04 15:11:51","2019-01-20 03:25:16"
38,38,"Muriel Manford","Predovic Inc",mmanford11@narod.ru,385-231-3228,"Hopi Tea Greenthread","Vestibulum ac est lacinia nisi venenatis tristique. Fusce congue, diam id ornare imperdiet, sapien urna pretium nisl, ut volutpat sapien arcu sed augue. Aliquam erat volutpat.

In congue. Etiam justo. Etiam pretium iaculis justo.",Webdesign,"Quisque porta volutpat erat. Quisque erat eros, viverra eget, congue eget, semper rutrum, nulla. Nunc purus.

Phasellus in felis. Donec semper sapien a libero. Nam dui.

Proin leo odio, porttitor id, consequat in, consequat ut, nulla. Sed accumsan felis. Ut at dolor quis odio consequat varius.",,"2018-11-13 21:25:50","2018-08-27 21:33:50"
39,39,"Murray Abbotson",Mueller-Skiles,mabbotson12@elpais.com,165-829-3732,"Latin American Mock Vervain","Aliquam quis turpis eget elit sodales scelerisque. Mauris sit amet eros. Suspendisse accumsan tortor quis turpis.",Architecture,,,"2019-01-27 05:25:41","2018-12-12 10:39:09"
40,40,"Annissa Coraini","Beier Inc",acoraini13@cbc.ca,255-332-9012,"Stinking Goosefoot","Phasellus sit amet erat. Nulla tempus. Vivamus in felis eu sapien cursus vestibulum.

Proin eu mi. Nulla ac enim. In tempor, turpis nec euismod scelerisque, quam turpis adipiscing lorem, vitae mattis nibh ligula nec sem.

Duis aliquam convallis nunc. Proin at turpis a pede posuere nonummy. Integer non velit.",Construction,,,"2019-01-02 15:35:37","2018-03-12 04:16:30"
41,41,"Hiram Gaylor",Hoppe-Abernathy,hgaylor14@flickr.com,938-223-1497,"Fairy Flax","Proin interdum mauris non ligula pellentesque ultrices. Phasellus id sapien in sapien iaculis congue. Vivamus metus arcu, adipiscing molestie, hendrerit at, vulputate vitae, nisl.

Aenean lectus. Pellentesque eget nunc. Donec quis orci eget orci vehicula condimentum.

Curabitur in libero ut massa volutpat convallis. Morbi odio odio, elementum eu, interdum eu, tincidunt in, leo. Maecenas pulvinar lobortis est.",Finance,,,"2018-11-20 07:11:31","2018-04-08 18:13:47"
42,42,"Ashly Marquess","Kshlerin, Schamberger and Wuckert",amarquess15@creativecommons.org,592-173-6500,"James Buckwheat","Curabitur in libero ut massa volutpat convallis. Morbi odio odio, elementum eu, interdum eu, tincidunt in, leo. Maecenas pulvinar lobortis est.

Phasellus sit amet erat. Nulla tempus. Vivamus in felis eu sapien cursus vestibulum.

Proin eu mi. Nulla ac enim. In tempor, turpis nec euismod scelerisque, quam turpis adipiscing lorem, vitae mattis nibh ligula nec sem.",Finance,,,"2018-05-03 16:04:52","2018-03-29 04:56:25"
43,43,"Penny Brugh","Runte and Sons",pbrugh16@squidoo.com,218-985-8087,"Walkers Suncup","Cras non velit nec nisi vulputate nonummy. Maecenas tincidunt lacus at velit. Vivamus vel nulla eget eros elementum pellentesque.",Webdesign,,,"2019-01-13 14:12:51","2018-12-09 22:58:35"
44,44,"Zebulen Kitchen","Green, Toy and Legros",zkitchen17@mtv.com,839-193-8756,Spleenwort,"Integer ac leo. Pellentesque ultrices mattis odio. Donec vitae nisi.",Architecture,,,"2018-05-05 13:47:31","2018-09-05 02:56:31"
45,45,"Dorella Ollivier","Wintheiser, Cummings and Lebsack",dollivier18@themeforest.net,444-538-1684,"Portuguese Daisy","Mauris enim leo, rhoncus sed, vestibulum sit amet, cursus id, turpis. Integer aliquet, massa id lobortis convallis, tortor risus dapibus augue, vel accumsan tellus nisi eu orci. Mauris lacinia sapien quis libero.",Marketing,,,"2018-06-11 15:59:02","2018-07-27 23:57:39"
46,46,"Suellen Eblein","Kunze Inc",seblein19@whitehouse.gov,538-946-8556,"Ballhead Ipomopsis","Vestibulum quam sapien, varius ut, blandit non, interdum in, ante. Vestibulum ante ipsum primis in faucibus orci luctus et ultrices posuere cubilia Curae; Duis faucibus accumsan odio. Curabitur convallis.

Duis consequat dui nec nisi volutpat eleifend. Donec ut dolor. Morbi vel lectus in quam fringilla rhoncus.",Marketing,"Nullam sit amet turpis elementum ligula vehicula consequat. Morbi a ipsum. Integer a nibh.",,"2018-07-21 19:50:15","2018-10-19 04:55:53"
47,47,"Orelie Antuoni","Dach Inc",oantuoni1a@miitbeian.gov.cn,904-980-6042,"San Luis Mountain Giant Hyssop","Cras mi pede, malesuada in, imperdiet et, commodo vulputate, justo. In blandit ultrices enim. Lorem ipsum dolor sit amet, consectetuer adipiscing elit.",Finance,,,"2018-07-11 04:05:49","2018-07-26 21:10:40"
48,48,"Doloritas Jiroutek","OConner and Sons",djiroutek1b@com.com,979-651-7840,Notocactus,"Maecenas tristique, est et tempus semper, est quam pharetra magna, ac consequat metus sapien ut nunc. Vestibulum ante ipsum primis in faucibus orci luctus et ultrices posuere cubilia Curae; Mauris viverra diam vitae quam. Suspendisse potenti.

Nullam porttitor lacus at turpis. Donec posuere metus vitae ipsum. Aliquam non mauris.",Architecture,,,"2018-10-04 00:03:54","2019-03-13 22:35:04"
49,49,"Zondra Semark",Rosenbaum-Morissette,zsemark1c@zimbio.com,327-265-8010,"Pinyon Dwarf Mistletoe","Cum sociis natoque penatibus et magnis dis parturient montes, nascetur ridiculus mus. Vivamus vestibulum sagittis sapien. Cum sociis natoque penatibus et magnis dis parturient montes, nascetur ridiculus mus.

Etiam vel augue. Vestibulum rutrum rutrum neque. Aenean auctor gravida sem.

Praesent id massa id nisl venenatis lacinia. Aenean sit amet justo. Morbi ut odio.",Webdesign,,,"2018-08-31 07:31:19","2018-11-26 11:27:34"
50,50,"Kelby Gilbane",Krajcik-Batz,kgilbane1d@amazon.com,669-506-7202,"Pineland Buckwheat","Etiam vel augue. Vestibulum rutrum rutrum neque. Aenean auctor gravida sem.

Praesent id massa id nisl venenatis lacinia. Aenean sit amet justo. Morbi ut odio.",Finance,,,"2018-06-02 03:15:31","2018-04-10 22:24:59"
51,51,"Kort Wheelwright",Green-Quigley,kwheelwright1e@dmoz.org,459-589-3848,"Dense False Gilyflower","Nullam porttitor lacus at turpis. Donec posuere metus vitae ipsum. Aliquam non mauris.

Morbi non lectus. Aliquam sit amet diam in magna bibendum imperdiet. Nullam orci pede, venenatis non, sodales sed, tincidunt eu, felis.",Finance,,,"2018-10-27 09:21:25","2019-01-18 21:46:41"
